-- phpMyAdmin SQL Dump
-- version 5.2.0
-- https://www.phpmyadmin.net/
--
-- Host: 127.0.0.1
-- Waktu pembuatan: 14 Jul 2022 pada 14.27
-- Versi server: 10.4.24-MariaDB
-- Versi PHP: 8.1.6

SET SQL_MODE = "NO_AUTO_VALUE_ON_ZERO";
START TRANSACTION;
SET time_zone = "+00:00";


/*!40101 SET @OLD_CHARACTER_SET_CLIENT=@@CHARACTER_SET_CLIENT */;
/*!40101 SET @OLD_CHARACTER_SET_RESULTS=@@CHARACTER_SET_RESULTS */;
/*!40101 SET @OLD_COLLATION_CONNECTION=@@COLLATION_CONNECTION */;
/*!40101 SET NAMES utf8mb4 */;

--
-- Database: `hnf`
--

-- --------------------------------------------------------

--
-- Struktur dari tabel `alltransaksi`
--

CREATE TABLE `alltransaksi` (
  `ID_ALLTRANSAKSI` int(250) NOT NULL,
  `ID_TRANSAKSI` varchar(250) NOT NULL,
  `ID_ITEMS` varchar(250) NOT NULL,
  `Tanggal` date NOT NULL,
  `QTY` int(11) NOT NULL
) ENGINE=InnoDB DEFAULT CHARSET=latin1;

--
-- Dumping data untuk tabel `alltransaksi`
--

INSERT INTO `alltransaksi` (`ID_ALLTRANSAKSI`, `ID_TRANSAKSI`, `ID_ITEMS`, `Tanggal`, `QTY`) VALUES
(2748, 'T001', 'B002', '2020-08-01', 1),
(2749, 'T001', 'B004', '2020-08-01', 1),
(2750, 'T001', 'B005', '2020-08-01', 1),
(2751, 'T005', 'B001', '2020-08-03', 1),
(2752, 'T005', 'B003', '2020-08-03', 1),
(2753, 'T005', 'B004', '2020-08-03', 1),
(2754, 'T005', 'B005', '2020-08-03', 1),
(2755, 'T005', 'B010', '2020-08-03', 1),
(2756, 'T007', 'B004', '2020-08-03', 1),
(2757, 'T007', 'B010', '2020-08-03', 1),
(2758, 'T009', 'B001', '2020-08-07', 1),
(2759, 'T009', 'B003', '2020-08-07', 1),
(2760, 'T009', 'B004', '2020-08-07', 1),
(2761, 'T009', 'B005', '2020-08-07', 1),
(2762, 'T009', 'B010', '2020-08-07', 1),
(2763, 'T013', 'B001', '2020-08-08', 1),
(2764, 'T013', 'B002', '2020-08-08', 1),
(2765, 'T013', 'B004', '2020-08-08', 1),
(2766, 'T013', 'B005', '2020-08-08', 1),
(2767, 'T013', 'B010', '2020-08-08', 1),
(2768, 'T014', 'B001', '2020-08-11', 1),
(2769, 'T014', 'B003', '2020-08-11', 1),
(2770, 'T014', 'B004', '2020-08-11', 1),
(2771, 'T014', 'B005', '2020-08-11', 1),
(2772, 'T014', 'B006', '2020-08-11', 1),
(2773, 'T014', 'B010', '2020-08-11', 1),
(2774, 'T017', 'B001', '2020-08-13', 1),
(2775, 'T017', 'B003', '2020-08-13', 1),
(2776, 'T017', 'B004', '2020-08-13', 1),
(2777, 'T017', 'B005', '2020-08-13', 1),
(2778, 'T017', 'B010', '2020-08-13', 1),
(2779, 'T020', 'B001', '2020-08-15', 1),
(2780, 'T020', 'B003', '2020-08-15', 1),
(2781, 'T020', 'B004', '2020-08-15', 1),
(2782, 'T020', 'B005', '2020-08-15', 1),
(2783, 'T020', 'B006', '2020-08-15', 1),
(2784, 'T020', 'B007', '2020-08-15', 1),
(2785, 'T020', 'B010', '2020-08-15', 1),
(2786, 'T024', 'B002', '2020-08-16', 1),
(2787, 'T024', 'B004', '2020-08-16', 1),
(2788, 'T024', 'B005', '2020-08-16', 1),
(2789, 'T024', 'B007', '2020-08-16', 1),
(2790, 'T030', 'B001', '2020-08-18', 1),
(2791, 'T030', 'B004', '2020-08-18', 1),
(2792, 'T030', 'B005', '2020-08-18', 1),
(2793, 'T032', 'B001', '2020-08-19', 1),
(2794, 'T032', 'B003', '2020-08-19', 1),
(2795, 'T032', 'B004', '2020-08-19', 1),
(2796, 'T032', 'B005', '2020-08-19', 1),
(2797, 'T032', 'B006', '2020-08-19', 1),
(2798, 'T037', 'B001', '2020-08-20', 1),
(2799, 'T037', 'B004', '2020-08-20', 1),
(2800, 'T037', 'B005', '2020-08-20', 1),
(2801, 'T037', 'B006', '2020-08-20', 1),
(2802, 'T041', 'B004', '2020-08-21', 1),
(2803, 'T041', 'B005', '2020-08-21', 1),
(2804, 'T041', 'B009', '2020-08-21', 1),
(2805, 'T041', 'B012', '2020-08-21', 1),
(2806, 'T042', 'B004', '2020-08-21', 1),
(2807, 'T042', 'B005', '2020-08-21', 1),
(2808, 'T043', 'B004', '2020-08-22', 1),
(2809, 'T043', 'B005', '2020-08-22', 1),
(2810, 'T043', 'B006', '2020-08-22', 1),
(2811, 'T043', 'B008', '2020-08-22', 1),
(2812, 'T044', 'B001', '2020-08-22', 1),
(2813, 'T044', 'B004', '2020-08-22', 1),
(2814, 'T044', 'B005', '2020-08-22', 1),
(2815, 'T046', 'B001', '2020-08-22', 1),
(2816, 'T046', 'B004', '2020-08-22', 1),
(2817, 'T046', 'B005', '2020-08-22', 1),
(2818, 'T047', 'B004', '2020-08-17', 1),
(2819, 'T047', 'B005', '2020-08-17', 1),
(2820, 'T047', 'B010', '2020-08-17', 1),
(2821, 'T050', 'B001', '2020-08-17', 1),
(2822, 'T050', 'B004', '2020-08-17', 1),
(2823, 'T050', 'B005', '2020-08-17', 1),
(2824, 'T050', 'B010', '2020-08-17', 1),
(2825, 'T051', 'B004', '2020-08-17', 1),
(2826, 'T051', 'B005', '2020-08-17', 1),
(2827, 'T051', 'B010', '2020-08-17', 1),
(2828, 'T053', 'B001', '2020-08-16', 1),
(2829, 'T053', 'B003', '2020-08-16', 1),
(2830, 'T053', 'B004', '2020-08-16', 1),
(2831, 'T053', 'B005', '2020-08-16', 1),
(2832, 'T054', 'B004', '2020-08-16', 1),
(2833, 'T054', 'B005', '2020-08-16', 1),
(2834, 'T058', 'B001', '2020-08-23', 1),
(2835, 'T058', 'B004', '2020-08-23', 1),
(2836, 'T058', 'B005', '2020-08-23', 1),
(2837, 'T058', 'B010', '2020-08-23', 1),
(2838, 'T066', 'B004', '2020-08-23', 1),
(2839, 'T066', 'B005', '2020-08-23', 1),
(2840, 'T066', 'B010', '2020-08-23', 1),
(2841, 'T069', 'B005', '2020-08-23', 1),
(2842, 'T069', 'B010', '2020-08-23', 1),
(2843, 'T071', 'B004', '2020-08-25', 1),
(2844, 'T071', 'B005', '2020-08-25', 1),
(2845, 'T071', 'B010', '2020-08-25', 1),
(2846, 'T075', 'B004', '2020-08-25', 1),
(2847, 'T075', 'B005', '2020-08-25', 1),
(2848, 'T075', 'B010', '2020-08-25', 1),
(2849, 'T081', 'B001', '2020-08-28', 1),
(2850, 'T081', 'B004', '2020-08-28', 1),
(2851, 'T081', 'B005', '2020-08-28', 1),
(2852, 'T081', 'B006', '2020-08-28', 1),
(2853, 'T082', 'B002', '2020-08-28', 1),
(2854, 'T082', 'B004', '2020-08-28', 1),
(2855, 'T082', 'B005', '2020-08-28', 1),
(2856, 'T086', 'B001', '2020-08-29', 1),
(2857, 'T086', 'B003', '2020-08-29', 1),
(2858, 'T086', 'B004', '2020-08-29', 1),
(2859, 'T086', 'B005', '2020-08-29', 1),
(2860, 'T086', 'B010', '2020-08-29', 1),
(2861, 'T088', 'B004', '2020-08-29', 1),
(2862, 'T088', 'B010', '2020-08-29', 1),
(2863, 'T090', 'B001', '2020-08-29', 1),
(2864, 'T090', 'B003', '2020-08-29', 1),
(2865, 'T090', 'B004', '2020-08-29', 1),
(2866, 'T090', 'B005', '2020-08-29', 1),
(2867, 'T090', 'B010', '2020-08-29', 1),
(2868, 'T096', 'B004', '2020-08-29', 1),
(2869, 'T096', 'B005', '2020-08-29', 1),
(2870, 'T096', 'B010', '2020-08-29', 1),
(2871, 'T100', 'B004', '2020-08-29', 1),
(2872, 'T100', 'B005', '2020-08-29', 1),
(2873, 'T100', 'B010', '2020-08-29', 1),
(2874, 'T004', 'B001', '2020-08-29', 1),
(2875, 'T010', 'B001', '2020-08-30', 1),
(2876, 'T010', 'B006', '2020-08-30', 1),
(2877, 'T010', 'B008', '2020-08-30', 1),
(2878, 'T012', 'B003', '2020-08-30', 1),
(2879, 'T012', 'B007', '2020-08-30', 1),
(2880, 'T015', 'B001', '2020-08-30', 1),
(2881, 'T015', 'B004', '2020-08-30', 1),
(2882, 'T015', 'B006', '2020-08-30', 1),
(2883, 'T018', 'B001', '2020-08-30', 1),
(2884, 'T018', 'B003', '2020-08-30', 1),
(2885, 'T018', 'B006', '2020-08-30', 1),
(2886, 'T018', 'B007', '2020-08-30', 1),
(2887, 'T023', 'B003', '2020-08-30', 1),
(2888, 'T023', 'B006', '2020-08-30', 1),
(2889, 'T031', 'B001', '2020-09-03', 1),
(2890, 'T031', 'B003', '2020-09-03', 1),
(2891, 'T031', 'B006', '2020-09-03', 1),
(2892, 'T035', 'B001', '2020-09-03', 1),
(2893, 'T035', 'B003', '2020-09-03', 1),
(2894, 'T035', 'B006', '2020-09-03', 1),
(2895, 'T035', 'B008', '2020-09-03', 1),
(2896, 'T036', 'B001', '2020-09-04', 1),
(2897, 'T036', 'B003', '2020-09-04', 1),
(2898, 'T036', 'B006', '2020-09-04', 1),
(2899, 'T039', 'B001', '2020-09-04', 1),
(2900, 'T039', 'B003', '2020-09-04', 1),
(2901, 'T039', 'B006', '2020-09-04', 1),
(2902, 'T039', 'B009', '2020-09-04', 1),
(2903, 'T040', 'B006', '2020-09-05', 1),
(2904, 'T040', 'B008', '2020-09-05', 1),
(2905, 'T045', 'B001', '2020-09-05', 1),
(2906, 'T045', 'B003', '2020-09-05', 1),
(2907, 'T045', 'B006', '2020-09-05', 1),
(2908, 'T048', 'B001', '2020-09-05', 1),
(2909, 'T048', 'B003', '2020-09-05', 1),
(2910, 'T048', 'B006', '2020-09-05', 1),
(2911, 'T052', 'B001', '2020-09-05', 1),
(2912, 'T052', 'B003', '2020-09-05', 1),
(2913, 'T052', 'B006', '2020-09-05', 1),
(2914, 'T056', 'B001', '2020-09-05', 1),
(2915, 'T056', 'B003', '2020-09-05', 1),
(2916, 'T056', 'B006', '2020-09-05', 1),
(2917, 'T056', 'B007', '2020-09-05', 1),
(2918, 'T057', 'B001', '2020-09-06', 1),
(2919, 'T057', 'B003', '2020-09-06', 1),
(2920, 'T059', 'B001', '2020-09-06', 1),
(2921, 'T059', 'B006', '2020-09-06', 1),
(2922, 'T059', 'B008', '2020-09-06', 1),
(2923, 'T059', 'B011', '2020-09-06', 1),
(2924, 'T060', 'B001', '2020-09-06', 1),
(2925, 'T060', 'B003', '2020-09-06', 1),
(2926, 'T060', 'B006', '2020-09-06', 1),
(2927, 'T061', 'B008', '2020-09-06', 1),
(2928, 'T061', 'B011', '2020-09-06', 1),
(2929, 'T062', 'B001', '2020-09-06', 1),
(2930, 'T062', 'B007', '2020-09-06', 1),
(2931, 'T064', 'B003', '2020-09-08', 1),
(2932, 'T064', 'B006', '2020-09-08', 1),
(2933, 'T064', 'B007', '2020-09-08', 1),
(2934, 'T065', 'B001', '2020-09-08', 1),
(2935, 'T065', 'B003', '2020-09-08', 1),
(2936, 'T065', 'B006', '2020-09-08', 1),
(2937, 'T067', 'B001', '2020-09-11', 1),
(2938, 'T067', 'B003', '2020-09-11', 1),
(2939, 'T067', 'B006', '2020-09-11', 1),
(2940, 'T067', 'B007', '2020-09-11', 1),
(2941, 'T068', 'B008', '2020-09-11', 1),
(2942, 'T068', 'B011', '2020-09-11', 1),
(2943, 'T076', 'B003', '2020-09-12', 1),
(2944, 'T076', 'B003', '2020-09-12', 1),
(2945, 'T076', 'B003', '2020-09-12', 1),
(2946, 'T076', 'B003', '2020-09-12', 1),
(2947, 'T076', 'B003', '2020-09-12', 1),
(2948, 'T076', 'B003', '2020-09-12', 1),
(2949, 'T076', 'B003', '2020-09-12', 1),
(2950, 'T076', 'B003', '2020-09-12', 1),
(2951, 'T076', 'B003', '2020-09-12', 1),
(2952, 'T076', 'B003', '2020-09-12', 1),
(2953, 'T076', 'B003', '2020-09-12', 1),
(2954, 'T076', 'B003', '2020-09-12', 1),
(2955, 'T076', 'B003', '2020-09-12', 1),
(2956, 'T076', 'B003', '2020-09-12', 1),
(2957, 'T079', 'B001', '2020-09-13', 1),
(2958, 'T079', 'B003', '2020-09-13', 1),
(2959, 'T079', 'B006', '2020-09-13', 1),
(2960, 'T080', 'B001', '2020-09-13', 1),
(2961, 'T080', 'B003', '2020-09-13', 1),
(2962, 'T080', 'B006', '2020-09-13', 1),
(2963, 'T091', 'B001', '2020-09-13', 1),
(2964, 'T091', 'B006', '2020-09-13', 1),
(2965, 'T091', 'B008', '2020-09-13', 1),
(2966, 'T092', 'B001', '2020-09-13', 1),
(2967, 'T092', 'B007', '2020-09-13', 1),
(2968, 'T094', 'B003', '2020-09-17', 1),
(2969, 'T094', 'B006', '2020-09-17', 1),
(2970, 'T094', 'B007', '2020-09-17', 1),
(2971, 'T095', 'B001', '2020-09-17', 1),
(2972, 'T095', 'B003', '2020-09-17', 1),
(2973, 'T095', 'B006', '2020-09-17', 1),
(2974, 'T097', 'B001', '2020-09-17', 1),
(2975, 'T097', 'B003', '2020-09-17', 1),
(2976, 'T097', 'B006', '2020-09-17', 1),
(2977, 'T097', 'B007', '2020-09-17', 1),
(2978, 'T098', 'B003', '2020-09-17', 1),
(2979, 'T098', 'B006', '2020-09-19', 1),
(2980, 'T098', 'B007', '2020-09-19', 1),
(2981, 'T002', 'B001', '2020-09-19', 1),
(2982, 'T002', 'B002', '2020-09-19', 1),
(2983, 'T002', 'B006', '2020-09-19', 1),
(2984, 'T002', 'B007', '2020-09-19', 1),
(2985, 'T002', 'B008', '2020-09-19', 1),
(2986, 'T003', 'B001', '2020-09-19', 1),
(2987, 'T003', 'B002', '2020-09-19', 1),
(2988, 'T003', 'B004', '2020-09-19', 1),
(2989, 'T003', 'B006', '2020-09-19', 1),
(2990, 'T003', 'B007', '2020-09-19', 1),
(2991, 'T003', 'B010', '2020-09-19', 1),
(2992, 'T006', 'B002', '2020-09-19', 1),
(2993, 'T006', 'B004', '2020-09-19', 1),
(2994, 'T006', 'B006', '2020-09-19', 1),
(2995, 'T008', 'B001', '2020-09-19', 1),
(2996, 'T008', 'B002', '2020-09-19', 1),
(2997, 'T008', 'B003', '2020-09-19', 1),
(2998, 'T008', 'B004', '2020-09-19', 1),
(2999, 'T008', 'B006', '2020-09-19', 1),
(3000, 'T008', 'B008', '2020-09-19', 1),
(3001, 'T008', 'B010', '2020-09-19', 1),
(3002, 'T011', 'B001', '2020-09-20', 1),
(3003, 'T011', 'B002', '2020-09-20', 1),
(3004, 'T011', 'B006', '2020-09-20', 1),
(3005, 'T011', 'B010', '2020-09-20', 1),
(3006, 'T016', 'B002', '2020-09-20', 1),
(3007, 'T016', 'B004', '2020-09-20', 1),
(3008, 'T016', 'B005', '2020-09-20', 1),
(3009, 'T016', 'B006', '2020-09-20', 1),
(3010, 'T016', 'B008', '2020-09-20', 1),
(3011, 'T016', 'B011', '2020-09-20', 1),
(3012, 'T019', 'B010', '2020-09-22', 1),
(3013, 'T019', 'B010', '2020-09-22', 1),
(3014, 'T019', 'B010', '2020-09-22', 1),
(3015, 'T019', 'B010', '2020-09-22', 1),
(3016, 'T019', 'B010', '2020-09-22', 1),
(3017, 'T019', 'B010', '2020-09-22', 1),
(3018, 'T019', 'B010', '2020-09-22', 1),
(3019, 'T019', 'B010', '2020-09-22', 1),
(3020, 'T019', 'B010', '2020-09-22', 1),
(3021, 'T025', 'B002', '2020-09-26', 1),
(3022, 'T026', 'B001', '2020-09-26', 1),
(3023, 'T026', 'B002', '2020-09-26', 1),
(3024, 'T026', 'B004', '2020-09-26', 1),
(3025, 'T026', 'B005', '2020-09-26', 1),
(3026, 'T026', 'B006', '2020-09-26', 1),
(3027, 'T027', 'B002', '2020-09-26', 1),
(3028, 'T027', 'B003', '2020-09-26', 1),
(3029, 'T027', 'B006', '2020-09-26', 1),
(3030, 'T028', 'B002', '2020-09-26', 1),
(3031, 'T028', 'B006', '2020-09-26', 1),
(3032, 'T028', 'B008', '2020-09-26', 1),
(3033, 'T029', 'B002', '2020-09-26', 1),
(3034, 'T033', 'B002', '2020-09-27', 1),
(3035, 'T033', 'B006', '2020-09-27', 1),
(3036, 'T034', 'B001', '2020-09-27', 1),
(3037, 'T034', 'B002', '2020-09-27', 1),
(3038, 'T034', 'B004', '2020-09-27', 1),
(3039, 'T034', 'B005', '2020-09-27', 1),
(3040, 'T034', 'B006', '2020-09-27', 1),
(3041, 'T038', 'B002', '2020-09-27', 1),
(3042, 'T038', 'B004', '2020-09-27', 1),
(3043, 'T038', 'B005', '2020-09-27', 1),
(3044, 'T038', 'B006', '2020-09-27', 1),
(3045, 'T049', 'B002', '2020-10-01', 1),
(3046, 'T049', 'B006', '2020-10-01', 1),
(3047, 'T049', 'B009', '2020-10-01', 1),
(3048, 'T055', 'B001', '2020-10-01', 1),
(3049, 'T055', 'B002', '2020-10-01', 1),
(3050, 'T055', 'B006', '2020-10-01', 1),
(3051, 'T063', 'B002', '2020-10-01', 1),
(3052, 'T063', 'B009', '2020-10-01', 1),
(3053, 'T073', 'B001', '2020-10-01', 1),
(3054, 'T073', 'B002', '2020-10-01', 1),
(3055, 'T073', 'B006', '2020-10-01', 1),
(3056, 'T078', 'B001', '2020-10-01', 1),
(3057, 'T078', 'B002', '2020-10-01', 1),
(3058, 'T078', 'B004', '2020-10-01', 1),
(3059, 'T078', 'B005', '2020-10-01', 1),
(3060, 'T078', 'B006', '2020-10-01', 1),
(3061, 'T084', 'B006', '2020-10-03', 1),
(3062, 'T084', 'B006', '2020-10-03', 1),
(3063, 'T084', 'B006', '2020-10-03', 1),
(3064, 'T084', 'B006', '2020-10-03', 1),
(3065, 'T084', 'B006', '2020-10-03', 1),
(3066, 'T084', 'B006', '2020-10-03', 1),
(3067, 'T084', 'B006', '2020-10-03', 1),
(3068, 'T084', 'B006', '2020-10-03', 1),
(3069, 'T084', 'B006', '2020-10-03', 1),
(3070, 'T084', 'B006', '2020-10-03', 1),
(3071, 'T084', 'B006', '2020-10-03', 1),
(3072, 'T085', 'B001', '2020-10-10', 1),
(3073, 'T085', 'B002', '2020-10-10', 1),
(3074, 'T085', 'B006', '2020-10-10', 1),
(3075, 'T087', 'B002', '2020-10-10', 1),
(3076, 'T087', 'B004', '2020-10-10', 1),
(3077, 'T087', 'B006', '2020-10-10', 1),
(3078, 'T089', 'B001', '2020-10-11', 1),
(3079, 'T089', 'B002', '2020-10-11', 1),
(3080, 'T089', 'B003', '2020-10-11', 1),
(3081, 'T089', 'B004', '2020-10-11', 1),
(3082, 'T089', 'B006', '2020-10-11', 1),
(3083, 'T089', 'B008', '2020-10-11', 1),
(3084, 'T089', 'B010', '2020-10-11', 1),
(3085, 'T093', 'B002', '2020-10-17', 1),
(3086, 'T093', 'B009', '2020-10-17', 1),
(3087, 'T099', 'B002', '2020-10-17', 1),
(3088, 'T099', 'B007', '2020-10-17', 1);

-- --------------------------------------------------------

--
-- Struktur dari tabel `cluster1`
--

CREATE TABLE `cluster1` (
  `ID_CLSTR1` int(250) NOT NULL,
  `ID_TRANSAKSI` varchar(250) NOT NULL,
  `ID_ITEMS` varchar(250) NOT NULL
) ENGINE=InnoDB DEFAULT CHARSET=latin1;

--
-- Dumping data untuk tabel `cluster1`
--

INSERT INTO `cluster1` (`ID_CLSTR1`, `ID_TRANSAKSI`, `ID_ITEMS`) VALUES
(164, 'T001', 'B002'),
(165, 'T001', 'B004'),
(166, 'T001', 'B005'),
(167, 'T005', 'B001'),
(168, 'T005', 'B003'),
(169, 'T005', 'B004'),
(170, 'T005', 'B005'),
(171, 'T005', 'B010'),
(172, 'T007', 'B004'),
(173, 'T007', 'B010'),
(174, 'T009', 'B001'),
(175, 'T009', 'B003'),
(176, 'T009', 'B004'),
(177, 'T009', 'B005'),
(178, 'T009', 'B010'),
(179, 'T013', 'B001'),
(180, 'T013', 'B002'),
(181, 'T013', 'B004'),
(182, 'T013', 'B005'),
(183, 'T013', 'B010'),
(184, 'T014', 'B001'),
(185, 'T014', 'B003'),
(186, 'T014', 'B004'),
(187, 'T014', 'B005'),
(188, 'T014', 'B006'),
(189, 'T014', 'B010'),
(190, 'T017', 'B001'),
(191, 'T017', 'B003'),
(192, 'T017', 'B004'),
(193, 'T017', 'B005'),
(194, 'T017', 'B010'),
(195, 'T020', 'B001'),
(196, 'T020', 'B003'),
(197, 'T020', 'B004'),
(198, 'T020', 'B005'),
(199, 'T020', 'B006'),
(200, 'T020', 'B007'),
(201, 'T020', 'B010'),
(202, 'T024', 'B002'),
(203, 'T024', 'B004'),
(204, 'T024', 'B005'),
(205, 'T024', 'B007'),
(206, 'T030', 'B001'),
(207, 'T030', 'B004'),
(208, 'T030', 'B005'),
(209, 'T032', 'B001'),
(210, 'T032', 'B003'),
(211, 'T032', 'B004'),
(212, 'T032', 'B005'),
(213, 'T032', 'B006'),
(214, 'T037', 'B001'),
(215, 'T037', 'B004'),
(216, 'T037', 'B005'),
(217, 'T037', 'B006'),
(218, 'T041', 'B004'),
(219, 'T041', 'B005'),
(220, 'T041', 'B009'),
(221, 'T041', 'B012'),
(222, 'T042', 'B004'),
(223, 'T042', 'B005'),
(224, 'T043', 'B004'),
(225, 'T043', 'B005'),
(226, 'T043', 'B006'),
(227, 'T043', 'B008'),
(228, 'T044', 'B001'),
(229, 'T044', 'B004'),
(230, 'T044', 'B005'),
(231, 'T046', 'B001'),
(232, 'T046', 'B004'),
(233, 'T046', 'B005'),
(234, 'T047', 'B004'),
(235, 'T047', 'B005'),
(236, 'T047', 'B010'),
(237, 'T050', 'B001'),
(238, 'T050', 'B004'),
(239, 'T050', 'B005'),
(240, 'T050', 'B010'),
(241, 'T051', 'B004'),
(242, 'T051', 'B005'),
(243, 'T051', 'B010'),
(244, 'T053', 'B001'),
(245, 'T053', 'B003'),
(246, 'T053', 'B004'),
(247, 'T053', 'B005'),
(248, 'T054', 'B004'),
(249, 'T054', 'B005'),
(250, 'T058', 'B001'),
(251, 'T058', 'B004'),
(252, 'T058', 'B005'),
(253, 'T058', 'B010'),
(254, 'T066', 'B004'),
(255, 'T066', 'B005'),
(256, 'T066', 'B010'),
(257, 'T069', 'B005'),
(258, 'T069', 'B010'),
(259, 'T071', 'B004'),
(260, 'T071', 'B005'),
(261, 'T071', 'B010'),
(262, 'T075', 'B004'),
(263, 'T075', 'B005'),
(264, 'T075', 'B010'),
(265, 'T081', 'B001'),
(266, 'T081', 'B004'),
(267, 'T081', 'B005'),
(268, 'T081', 'B006'),
(269, 'T082', 'B002'),
(270, 'T082', 'B004'),
(271, 'T082', 'B005'),
(272, 'T086', 'B001'),
(273, 'T086', 'B003'),
(274, 'T086', 'B004'),
(275, 'T086', 'B005'),
(276, 'T086', 'B010'),
(277, 'T088', 'B004'),
(278, 'T088', 'B010'),
(279, 'T090', 'B001'),
(280, 'T090', 'B003'),
(281, 'T090', 'B004'),
(282, 'T090', 'B005'),
(283, 'T090', 'B010'),
(284, 'T096', 'B004'),
(285, 'T096', 'B005'),
(286, 'T096', 'B010'),
(287, 'T100', 'B004'),
(288, 'T100', 'B005'),
(289, 'T100', 'B010');

-- --------------------------------------------------------

--
-- Struktur dari tabel `cluster2`
--

CREATE TABLE `cluster2` (
  `ID_CLSTR2` int(250) NOT NULL,
  `ID_TRANSAKSI` varchar(250) NOT NULL,
  `ID_ITEMS` varchar(250) NOT NULL
) ENGINE=InnoDB DEFAULT CHARSET=latin1;

--
-- Dumping data untuk tabel `cluster2`
--

INSERT INTO `cluster2` (`ID_CLSTR2`, `ID_TRANSAKSI`, `ID_ITEMS`) VALUES
(215, 'T004', 'B001'),
(216, 'T010', 'B001'),
(217, 'T010', 'B006'),
(218, 'T010', 'B008'),
(219, 'T012', 'B003'),
(220, 'T012', 'B007'),
(221, 'T015', 'B001'),
(222, 'T015', 'B004'),
(223, 'T015', 'B006'),
(224, 'T018', 'B001'),
(225, 'T018', 'B003'),
(226, 'T018', 'B006'),
(227, 'T018', 'B007'),
(228, 'T023', 'B003'),
(229, 'T023', 'B006'),
(230, 'T031', 'B001'),
(231, 'T031', 'B003'),
(232, 'T031', 'B006'),
(233, 'T035', 'B001'),
(234, 'T035', 'B003'),
(235, 'T035', 'B006'),
(236, 'T035', 'B008'),
(237, 'T036', 'B001'),
(238, 'T036', 'B003'),
(239, 'T036', 'B006'),
(240, 'T039', 'B001'),
(241, 'T039', 'B003'),
(242, 'T039', 'B006'),
(243, 'T039', 'B009'),
(244, 'T040', 'B006'),
(245, 'T040', 'B008'),
(246, 'T045', 'B001'),
(247, 'T045', 'B003'),
(248, 'T045', 'B006'),
(249, 'T048', 'B001'),
(250, 'T048', 'B003'),
(251, 'T048', 'B006'),
(252, 'T052', 'B001'),
(253, 'T052', 'B003'),
(254, 'T052', 'B006'),
(255, 'T056', 'B001'),
(256, 'T056', 'B003'),
(257, 'T056', 'B006'),
(258, 'T056', 'B007'),
(259, 'T057', 'B001'),
(260, 'T057', 'B003'),
(261, 'T059', 'B001'),
(262, 'T059', 'B006'),
(263, 'T059', 'B008'),
(264, 'T059', 'B011'),
(265, 'T060', 'B001'),
(266, 'T060', 'B003'),
(267, 'T060', 'B006'),
(268, 'T061', 'B008'),
(269, 'T061', 'B011'),
(270, 'T062', 'B001'),
(271, 'T062', 'B007'),
(272, 'T064', 'B003'),
(273, 'T064', 'B006'),
(274, 'T064', 'B007'),
(275, 'T065', 'B001'),
(276, 'T065', 'B003'),
(277, 'T065', 'B006'),
(278, 'T067', 'B001'),
(279, 'T067', 'B003'),
(280, 'T067', 'B006'),
(281, 'T067', 'B007'),
(282, 'T068', 'B008'),
(283, 'T068', 'B011'),
(284, 'T070', 'B001'),
(285, 'T070', 'B003'),
(286, 'T070', 'B006'),
(287, 'T072', 'B001'),
(288, 'T072', 'B003'),
(289, 'T072', 'B006'),
(290, 'T072', 'B007'),
(291, 'T072', 'B009'),
(292, 'T074', 'B001'),
(293, 'T074', 'B003'),
(294, 'T076', 'B003'),
(295, 'T076', 'B009'),
(296, 'T077', 'B003'),
(297, 'T077', 'B006'),
(298, 'T079', 'B001'),
(299, 'T079', 'B003'),
(300, 'T079', 'B006'),
(301, 'T080', 'B001'),
(302, 'T080', 'B003'),
(303, 'T080', 'B006'),
(304, 'T091', 'B001'),
(305, 'T091', 'B006'),
(306, 'T091', 'B008'),
(307, 'T092', 'B001'),
(308, 'T092', 'B007'),
(309, 'T094', 'B003'),
(310, 'T094', 'B006'),
(311, 'T094', 'B007'),
(312, 'T095', 'B001'),
(313, 'T095', 'B003'),
(314, 'T095', 'B006'),
(315, 'T097', 'B001'),
(316, 'T097', 'B003'),
(317, 'T097', 'B006'),
(318, 'T097', 'B007'),
(319, 'T098', 'B003'),
(320, 'T098', 'B006'),
(321, 'T098', 'B007');

-- --------------------------------------------------------

--
-- Struktur dari tabel `cluster3`
--

CREATE TABLE `cluster3` (
  `ID_CLSTR3` int(250) NOT NULL,
  `ID_TRANSAKSI` varchar(250) NOT NULL,
  `ID_ITEMS` varchar(250) NOT NULL
) ENGINE=InnoDB DEFAULT CHARSET=latin1;

--
-- Dumping data untuk tabel `cluster3`
--

INSERT INTO `cluster3` (`ID_CLSTR3`, `ID_TRANSAKSI`, `ID_ITEMS`) VALUES
(1, 'T002', 'B001'),
(2, 'T002', 'B002'),
(3, 'T002', 'B006'),
(4, 'T002', 'B007'),
(5, 'T002', 'B008'),
(6, 'T003', 'B001'),
(7, 'T003', 'B002'),
(8, 'T003', 'B004'),
(9, 'T003', 'B006'),
(10, 'T003', 'B007'),
(11, 'T003', 'B010'),
(12, 'T006', 'B002'),
(13, 'T006', 'B004'),
(14, 'T006', 'B006'),
(15, 'T008', 'B001'),
(16, 'T008', 'B002'),
(17, 'T008', 'B003'),
(18, 'T008', 'B004'),
(19, 'T008', 'B006'),
(20, 'T008', 'B008'),
(21, 'T008', 'B010'),
(22, 'T011', 'B001'),
(23, 'T011', 'B002'),
(24, 'T011', 'B006'),
(25, 'T011', 'B010'),
(26, 'T016', 'B002'),
(27, 'T016', 'B004'),
(28, 'T016', 'B005'),
(29, 'T016', 'B006'),
(30, 'T016', 'B008'),
(31, 'T016', 'B011'),
(32, 'T019', 'B001'),
(33, 'T019', 'B002'),
(34, 'T019', 'B004'),
(35, 'T019', 'B006'),
(36, 'T019', 'B009'),
(37, 'T019', 'B010'),
(38, 'T021', 'B002'),
(39, 'T022', 'B002'),
(40, 'T022', 'B005'),
(41, 'T025', 'B002'),
(42, 'T026', 'B001'),
(43, 'T026', 'B002'),
(44, 'T026', 'B004'),
(45, 'T026', 'B005'),
(46, 'T026', 'B006'),
(47, 'T027', 'B002'),
(48, 'T027', 'B003'),
(49, 'T027', 'B006'),
(50, 'T028', 'B002'),
(51, 'T028', 'B006'),
(52, 'T028', 'B008'),
(53, 'T029', 'B002'),
(54, 'T033', 'B002'),
(55, 'T033', 'B006'),
(56, 'T034', 'B001'),
(57, 'T034', 'B002'),
(58, 'T034', 'B004'),
(59, 'T034', 'B005'),
(60, 'T034', 'B006'),
(61, 'T038', 'B002'),
(62, 'T038', 'B004'),
(63, 'T038', 'B005'),
(64, 'T038', 'B006'),
(65, 'T049', 'B002'),
(66, 'T049', 'B006'),
(67, 'T049', 'B009'),
(68, 'T055', 'B001'),
(69, 'T055', 'B002'),
(70, 'T055', 'B006'),
(71, 'T063', 'B002'),
(72, 'T063', 'B009'),
(73, 'T073', 'B001'),
(74, 'T073', 'B002'),
(75, 'T073', 'B006'),
(76, 'T078', 'B001'),
(77, 'T078', 'B002'),
(78, 'T078', 'B004'),
(79, 'T078', 'B005'),
(80, 'T078', 'B006'),
(81, 'T083', 'B001'),
(82, 'T083', 'B002'),
(83, 'T083', 'B006'),
(84, 'T083', 'B007'),
(85, 'T083', 'B008'),
(86, 'T084', 'B001'),
(87, 'T084', 'B002'),
(88, 'T084', 'B004'),
(89, 'T084', 'B006'),
(90, 'T084', 'B007'),
(91, 'T084', 'B010'),
(92, 'T085', 'B001'),
(93, 'T085', 'B002'),
(94, 'T085', 'B006'),
(95, 'T087', 'B002'),
(96, 'T087', 'B004'),
(97, 'T087', 'B006'),
(98, 'T089', 'B001'),
(99, 'T089', 'B002'),
(100, 'T089', 'B003'),
(101, 'T089', 'B004'),
(102, 'T089', 'B006'),
(103, 'T089', 'B008'),
(104, 'T089', 'B010'),
(105, 'T093', 'B002'),
(106, 'T093', 'B009'),
(107, 'T099', 'B002'),
(108, 'T099', 'B007');

-- --------------------------------------------------------

--
-- Struktur dari tabel `items`
--

CREATE TABLE `items` (
  `ID_ITEMS` varchar(250) NOT NULL,
  `NAMA_ITEMS` varchar(250) NOT NULL
) ENGINE=InnoDB DEFAULT CHARSET=latin1;

--
-- Dumping data untuk tabel `items`
--

INSERT INTO `items` (`ID_ITEMS`, `NAMA_ITEMS`) VALUES
('B001', 'Carier'),
('B002', 'Tenda 4 p'),
('B003', 'Tenda 2 p'),
('B004', 'Cooking Set'),
('B005', 'Kompor'),
('B006', 'Matras'),
('B007', 'Sleeping Bag'),
('B008', 'Headlamp'),
('B009', 'Flysheet'),
('B010', 'Gas Refil'),
('B011', 'Baterai'),
('B012', 'Hammock');

-- --------------------------------------------------------

--
-- Struktur dari tabel `transaksi`
--

CREATE TABLE `transaksi` (
  `ID_TRANSAKSI` varchar(250) NOT NULL,
  `Tanggal` date NOT NULL
) ENGINE=InnoDB DEFAULT CHARSET=latin1;

--
-- Dumping data untuk tabel `transaksi`
--

INSERT INTO `transaksi` (`ID_TRANSAKSI`, `Tanggal`) VALUES
('\"T001', '2020-08-01'),
('\"T002', '2020-09-17'),
('\"T003', '2020-09-19'),
('\"T004', '2020-08-29'),
('\"T005', '2020-08-03'),
('\"T006', '2020-09-19'),
('\"T007', '2020-08-03'),
('\"T008', '2020-09-19'),
('\"T009', '2020-08-07'),
('\"T010', '2020-08-30'),
('\"T011', '2020-09-20'),
('\"T012', '2020-08-30'),
('\"T013', '2020-08-08'),
('\"T014', '2020-08-11'),
('\"T015', '2020-08-30'),
('\"T016', '2020-09-20'),
('\"T017', '2020-08-13'),
('\"T018', '2020-08-30'),
('\"T019', '2020-09-22'),
('\"T020', '2020-08-15'),
('\"T021', '2020-08-17'),
('\"T022', '2020-09-12'),
('\"T023', '2020-08-30'),
('\"T024', '2020-08-16'),
('\"T025', '2020-09-26'),
('\"T026', '2020-09-26'),
('\"T027', '2020-09-26'),
('\"T028', '2020-09-26'),
('\"T029', '2020-09-26'),
('\"T030', '2020-08-18'),
('\"T031', '2020-09-03'),
('\"T032', '2020-08-19'),
('\"T033', '2020-09-27'),
('\"T034', '2020-09-27'),
('\"T035', '2020-09-03'),
('\"T036', '2020-09-04'),
('\"T037', '2020-08-20'),
('\"T038', '2020-09-27'),
('\"T039', '2020-09-04'),
('\"T040', '2020-09-05'),
('\"T041', '2020-08-21'),
('\"T042', '2020-08-21'),
('\"T043', '2020-08-22'),
('\"T044', '2020-08-22'),
('\"T045', '2020-09-05'),
('\"T046', '2020-08-22'),
('\"T047', '2020-08-17'),
('\"T048', '2020-09-05'),
('\"T049', '2020-10-01'),
('\"T050', '2020-08-17'),
('\"T051', '2020-08-17'),
('\"T052', '2020-09-05'),
('\"T053', '2020-08-16'),
('\"T054', '2020-08-16'),
('\"T055', '2020-10-01'),
('\"T056', '2020-09-05'),
('\"T057', '2020-09-06'),
('\"T058', '2020-08-23'),
('\"T059', '2020-09-06'),
('\"T060', '2020-09-06'),
('\"T061', '2020-09-06'),
('\"T062', '2020-09-06'),
('\"T063', '2020-10-01'),
('\"T064', '2020-09-08'),
('\"T065', '2020-09-08'),
('\"T066', '2020-08-23'),
('\"T067', '2020-09-11'),
('\"T068', '2020-09-11'),
('\"T069', '2020-08-23'),
('\"T070', '2020-08-12'),
('\"T071', '2020-08-25'),
('\"T072', '2020-09-20'),
('\"T073', '2020-10-01'),
('\"T074', '2020-10-11'),
('\"T075', '2020-08-25'),
('\"T076', '2020-09-12'),
('\"T077', '2020-09-15'),
('\"T078', '2020-10-01'),
('\"T079', '2020-09-13'),
('\"T080', '2020-09-13'),
('\"T081', '2020-08-28'),
('\"T082', '2020-08-28'),
('\"T083', '2020-08-23'),
('\"T084', '2020-10-03'),
('\"T085', '2020-10-10'),
('\"T086', '2020-08-29'),
('\"T087', '2020-10-10'),
('\"T088', '2020-08-29'),
('\"T089', '2020-10-11'),
('\"T090', '2020-08-29'),
('\"T091', '2020-09-13'),
('\"T092', '2020-09-13'),
('\"T093', '2020-10-17'),
('\"T094', '2020-09-17'),
('\"T095', '2020-09-17'),
('\"T096', '2020-08-29'),
('\"T097', '2020-09-17'),
('\"T098', '2020-09-17'),
('\"T099', '2020-10-17'),
('\"T100', '2020-08-29');

-- --------------------------------------------------------

--
-- Struktur dari tabel `transaksigagal`
--

CREATE TABLE `transaksigagal` (
  `ID_TG` int(11) NOT NULL,
  `ID_TGAGAL` varchar(100) NOT NULL,
  `ID_ITEMSGAGAL` varchar(100) NOT NULL
) ENGINE=InnoDB DEFAULT CHARSET=utf8mb4;

--
-- Dumping data untuk tabel `transaksigagal`
--

INSERT INTO `transaksigagal` (`ID_TG`, `ID_TGAGAL`, `ID_ITEMSGAGAL`) VALUES
(1, 'TG001', 'B002'),
(2, 'TG001', 'B004'),
(3, 'TG001', 'B005'),
(4, 'TG005', 'B001'),
(5, 'TG005', 'B003'),
(6, 'TG005', 'B004'),
(7, 'TG005', 'B005'),
(8, 'TG005', 'B010'),
(9, 'TG007', 'B004'),
(10, 'TG007', 'B010'),
(11, 'TG009', 'B001'),
(12, 'TG009', 'B003'),
(13, 'TG009', 'B004'),
(14, 'TG009', 'B005'),
(15, 'TG009', 'B010'),
(16, 'TG013', 'B001'),
(17, 'TG013', 'B002'),
(18, 'TG013', 'B004'),
(19, 'TG013', 'B005'),
(20, 'TG013', 'B010'),
(21, 'TG014', 'B001'),
(22, 'TG014', 'B003'),
(23, 'TG014', 'B004'),
(24, 'TG014', 'B005'),
(25, 'TG014', 'B006'),
(26, 'TG014', 'B010'),
(27, 'TG017', 'B001'),
(28, 'TG017', 'B003'),
(29, 'TG017', 'B004'),
(30, 'TG017', 'B005'),
(31, 'TG017', 'B010'),
(32, 'TG020', 'B001'),
(33, 'TG020', 'B003'),
(34, 'TG020', 'B004'),
(35, 'TG020', 'B005'),
(36, 'TG020', 'B006'),
(37, 'TG020', 'B007'),
(38, 'TG020', 'B010'),
(39, 'TG024', 'B002'),
(40, 'TG024', 'B004'),
(41, 'TG024', 'B005'),
(42, 'TG024', 'B007'),
(43, 'TG030', 'B001'),
(44, 'TG030', 'B004'),
(45, 'TG030', 'B005'),
(46, 'TG032', 'B001'),
(47, 'TG032', 'B003'),
(48, 'TG032', 'B004'),
(49, 'TG032', 'B005'),
(50, 'TG032', 'B006'),
(51, 'TG037', 'B001'),
(52, 'TG037', 'B004'),
(53, 'TG037', 'B005'),
(54, 'TG037', 'B006'),
(55, 'TG041', 'B004'),
(56, 'TG041', 'B005'),
(57, 'TG041', 'B009'),
(58, 'TG041', 'B012'),
(59, 'TG042', 'B004'),
(60, 'TG042', 'B005'),
(61, 'TG043', 'B004'),
(62, 'TG043', 'B005'),
(63, 'TG043', 'B006'),
(64, 'TG043', 'B008'),
(65, 'TG044', 'B001'),
(66, 'TG044', 'B004'),
(67, 'TG044', 'B005'),
(68, 'TG046', 'B001'),
(69, 'TG046', 'B004'),
(70, 'TG046', 'B005'),
(71, 'TG047', 'B004'),
(72, 'TG047', 'B005'),
(73, 'TG047', 'B010'),
(74, 'TG050', 'B001'),
(75, 'TG050', 'B004'),
(76, 'TG050', 'B005'),
(77, 'TG050', 'B010'),
(78, 'TG051', 'B004');

-- --------------------------------------------------------

--
-- Struktur dari tabel `t_cluster1`
--

CREATE TABLE `t_cluster1` (
  `ID_TCLUSTER1` int(250) NOT NULL,
  `ID_TRANSAKSI` varchar(250) NOT NULL
) ENGINE=InnoDB DEFAULT CHARSET=latin1;

--
-- Dumping data untuk tabel `t_cluster1`
--

INSERT INTO `t_cluster1` (`ID_TCLUSTER1`, `ID_TRANSAKSI`) VALUES
(1, 'T001'),
(2, 'T005'),
(3, 'T007'),
(4, 'T009'),
(5, 'T013'),
(6, 'T014'),
(7, 'T017'),
(8, 'T020'),
(9, 'T024'),
(10, 'T030'),
(11, 'T032'),
(12, 'T037'),
(13, 'T041'),
(14, 'T042'),
(15, 'T043'),
(16, 'T044'),
(17, 'T046'),
(18, 'T047'),
(19, 'T050'),
(20, 'T051'),
(21, 'T053'),
(22, 'T054'),
(23, 'T058'),
(24, 'T066'),
(25, 'T069'),
(26, 'T071'),
(27, 'T075'),
(28, 'T081'),
(29, 'T082'),
(30, 'T086'),
(31, 'T088'),
(32, 'T090'),
(33, 'T096'),
(34, 'T100');

-- --------------------------------------------------------

--
-- Struktur dari tabel `t_cluster2`
--

CREATE TABLE `t_cluster2` (
  `ID_TCLUSTER2` int(250) NOT NULL,
  `ID_TRANSAKSI` varchar(250) NOT NULL
) ENGINE=InnoDB DEFAULT CHARSET=latin1;

--
-- Dumping data untuk tabel `t_cluster2`
--

INSERT INTO `t_cluster2` (`ID_TCLUSTER2`, `ID_TRANSAKSI`) VALUES
(1, 'T004'),
(2, 'T010'),
(3, 'T012'),
(4, 'T015'),
(5, 'T018'),
(6, 'T023'),
(7, 'T031'),
(8, 'T035'),
(9, 'T036'),
(10, 'T039'),
(11, 'T040'),
(12, 'T045'),
(13, 'T048'),
(14, 'T052'),
(15, 'T056'),
(16, 'T057'),
(17, 'T059'),
(18, 'T060'),
(19, 'T061'),
(20, 'T062'),
(21, 'T064'),
(22, 'T065'),
(23, 'T067'),
(24, 'T068'),
(25, 'T070'),
(26, 'T072'),
(27, 'T074'),
(28, 'T076'),
(29, 'T077'),
(30, 'T079'),
(31, 'T080'),
(32, 'T091'),
(33, 'T092'),
(34, 'T094'),
(35, 'T095'),
(36, 'T097'),
(37, 'T098');

-- --------------------------------------------------------

--
-- Struktur dari tabel `t_cluster3`
--

CREATE TABLE `t_cluster3` (
  `ID_TRANSAKSI` varchar(250) NOT NULL
) ENGINE=InnoDB DEFAULT CHARSET=latin1;

--
-- Dumping data untuk tabel `t_cluster3`
--

INSERT INTO `t_cluster3` (`ID_TRANSAKSI`) VALUES
('T002'),
('T003'),
('T006'),
('T008'),
('T011'),
('T016'),
('T019'),
('T021'),
('T022'),
('T025'),
('T026'),
('T027'),
('T028'),
('T029'),
('T033'),
('T034'),
('T038'),
('T049'),
('T055'),
('T063'),
('T073'),
('T078'),
('T083'),
('T084'),
('T085'),
('T087'),
('T089'),
('T093'),
('T099');

--
-- Indexes for dumped tables
--

--
-- Indeks untuk tabel `alltransaksi`
--
ALTER TABLE `alltransaksi`
  ADD PRIMARY KEY (`ID_ALLTRANSAKSI`),
  ADD KEY `ALLITEM_FK` (`ID_TRANSAKSI`,`ID_ITEMS`);

--
-- Indeks untuk tabel `cluster1`
--
ALTER TABLE `cluster1`
  ADD PRIMARY KEY (`ID_CLSTR1`),
  ADD KEY `CLSTRTRANSAKSI_FK` (`ID_TRANSAKSI`),
  ADD KEY `CLSTRITEM_FK` (`ID_ITEMS`);

--
-- Indeks untuk tabel `cluster2`
--
ALTER TABLE `cluster2`
  ADD PRIMARY KEY (`ID_CLSTR2`),
  ADD KEY `CLSTRITEM_FK` (`ID_TRANSAKSI`,`ID_ITEMS`);

--
-- Indeks untuk tabel `cluster3`
--
ALTER TABLE `cluster3`
  ADD PRIMARY KEY (`ID_CLSTR3`),
  ADD KEY `CLSTRITEM_FK` (`ID_TRANSAKSI`,`ID_ITEMS`);

--
-- Indeks untuk tabel `items`
--
ALTER TABLE `items`
  ADD PRIMARY KEY (`ID_ITEMS`),
  ADD UNIQUE KEY `ITEMS_PK` (`ID_ITEMS`) USING BTREE;

--
-- Indeks untuk tabel `transaksi`
--
ALTER TABLE `transaksi`
  ADD PRIMARY KEY (`ID_TRANSAKSI`),
  ADD UNIQUE KEY `TRANSAKSI_PK` (`ID_TRANSAKSI`) USING BTREE;

--
-- Indeks untuk tabel `transaksigagal`
--
ALTER TABLE `transaksigagal`
  ADD PRIMARY KEY (`ID_TG`),
  ADD KEY `ID_ITEMGAGAL` (`ID_ITEMSGAGAL`) USING BTREE;

--
-- Indeks untuk tabel `t_cluster1`
--
ALTER TABLE `t_cluster1`
  ADD PRIMARY KEY (`ID_TCLUSTER1`),
  ADD UNIQUE KEY `TCLUSTER1_FK` (`ID_TRANSAKSI`) USING BTREE;

--
-- Indeks untuk tabel `t_cluster2`
--
ALTER TABLE `t_cluster2`
  ADD PRIMARY KEY (`ID_TCLUSTER2`),
  ADD KEY `TCLUSTER2` (`ID_TRANSAKSI`);

--
-- Indeks untuk tabel `t_cluster3`
--
ALTER TABLE `t_cluster3`
  ADD KEY `TCLUSTER3_FK` (`ID_TRANSAKSI`);

--
-- AUTO_INCREMENT untuk tabel yang dibuang
--

--
-- AUTO_INCREMENT untuk tabel `alltransaksi`
--
ALTER TABLE `alltransaksi`
  MODIFY `ID_ALLTRANSAKSI` int(250) NOT NULL AUTO_INCREMENT, AUTO_INCREMENT=3093;

--
-- AUTO_INCREMENT untuk tabel `cluster1`
--
ALTER TABLE `cluster1`
  MODIFY `ID_CLSTR1` int(250) NOT NULL AUTO_INCREMENT, AUTO_INCREMENT=290;

--
-- AUTO_INCREMENT untuk tabel `cluster2`
--
ALTER TABLE `cluster2`
  MODIFY `ID_CLSTR2` int(250) NOT NULL AUTO_INCREMENT, AUTO_INCREMENT=322;

--
-- AUTO_INCREMENT untuk tabel `cluster3`
--
ALTER TABLE `cluster3`
  MODIFY `ID_CLSTR3` int(250) NOT NULL AUTO_INCREMENT, AUTO_INCREMENT=109;

--
-- AUTO_INCREMENT untuk tabel `transaksigagal`
--
ALTER TABLE `transaksigagal`
  MODIFY `ID_TG` int(11) NOT NULL AUTO_INCREMENT, AUTO_INCREMENT=79;

--
-- AUTO_INCREMENT untuk tabel `t_cluster1`
--
ALTER TABLE `t_cluster1`
  MODIFY `ID_TCLUSTER1` int(250) NOT NULL AUTO_INCREMENT, AUTO_INCREMENT=35;

--
-- AUTO_INCREMENT untuk tabel `t_cluster2`
--
ALTER TABLE `t_cluster2`
  MODIFY `ID_TCLUSTER2` int(250) NOT NULL AUTO_INCREMENT, AUTO_INCREMENT=38;
COMMIT;

/*!40101 SET CHARACTER_SET_CLIENT=@OLD_CHARACTER_SET_CLIENT */;
/*!40101 SET CHARACTER_SET_RESULTS=@OLD_CHARACTER_SET_RESULTS */;
/*!40101 SET COLLATION_CONNECTION=@OLD_COLLATION_CONNECTION */;
